,芭贰 厘家
0,堡林 巢备 柳岿悼
1,堡林 巢备 青鞠悼
2,堡林 辑备 街锰悼
3,堡林 合备 脚侩悼
4,堡林 堡魂备 厘傣悼
5,堡林 堡魂备 款巢悼
6,堡林 合备 阿拳悼
7,堡林 合备 款鞠悼
8,堡林 堡魂备 厘傣悼
9,堡林 合备 楷力悼
10,堡林 堡魂备 快魂悼
11,堡林 合备 滴鞠2悼
12,堡林 合备 坷摹2悼
13,堡林 巢备 归款1悼
14,堡林 辑备 街锰悼
15,堡林 合备 滴鞠2悼
16,堡林 辑备 堡玫悼
17,堡林 堡魂备 脚芒悼
18,堡林 合备 阿拳悼
19,堡林 合备 款鞠悼
20,堡林 堡魂备 厘傣悼
21,堡林 合备 楷力悼
22,堡林 堡魂备 快魂悼
23,堡林 合备 滴鞠2悼
24,堡林 合备 坷摹2悼
25,堡林 巢备 归款1悼
26,堡林 辑备 街锰悼
27,堡林 合备 滴鞠2悼
28,堡林 辑备 堡玫悼
29,堡林 堡魂备 脚芒悼
30,堡林 悼备 悼疙悼
31,堡林 合备 夯锰悼
32,堡林 辑备 陛龋悼
33,堡林 堡魂备 脚啊悼
34,堡林 辑备 丑己1悼
35,堡林 辑备 剧悼
36,堡林 合备 侩豪悼
37,堡林 合备 浅氢悼
38,堡林 辑备 拳沥1悼
39,堡林 辑备 浅鞠悼
40,堡林 合备 悼覆悼
41,堡林 巢备 价窍悼
42,堡林 悼备 悼疙悼
43,堡林 合备 夯锰悼
44,堡林 辑备 陛龋悼
45,堡林 堡魂备 脚啊悼
46,堡林 辑备 丑己1悼
47,堡林 辑备 剧悼
48,堡林 合备 侩豪悼
49,堡林 合备 浅氢悼
50,堡林 辑备 拳沥1悼
51,堡林 辑备 浅鞠悼
52,堡林 合备 悼覆悼
53,堡林 巢备 价窍悼
54,堡林 巢备 豪急1悼
55,堡林 堡魂备 乞悼
56,堡林 巢备 归款1悼
57,堡林 堡魂备 款巢悼
58,堡林 合备 滴鞠悼
59,堡林 辑备 陛龋1悼
60,堡林 堡魂备 价沥2悼
61,堡林 合备 巩蕊悼
62,堡林 合备 浅氢悼
63,堡林 合备 款鞠3悼
64,堡林 合备 侩豪悼
65,堡林 辑备 丑己2悼
66,堡林 巢备 豪急1悼
67,堡林 堡魂备 乞悼
68,堡林 巢备 归款1悼
69,堡林 堡魂备 款巢悼
70,堡林 合备 滴鞠悼
71,堡林 辑备 陛龋1悼
72,堡林 堡魂备 价沥2悼
73,堡林 合备 巩蕊悼
74,堡林 合备 浅氢悼
75,堡林 合备 款鞠3悼
76,堡林 合备 侩豪悼
77,堡林 辑备 丑己2悼
78,堡林 辑备 丑己2悼
79,堡林 辑备 丑己2悼
80,堡林 巢备 青鞠悼
81,堡林 辑备 浅鞠悼
82,堡林 辑备 街锰悼
83,堡林 巢备 岿魂5悼
84,堡林 辑备 堡玫悼
85,堡林 合备 脚侩悼
86,堡林 合备 侩豪悼
87,堡林 辑备 堡玫悼
88,堡林 悼备 魂荐1悼
89,堡林 辑备 浅鞠悼
90,堡林 辑备 丑己2悼
91,堡林 辑备 丑己2悼
92,堡林 巢备 青鞠悼
93,堡林 辑备 浅鞠悼
94,堡林 辑备 街锰悼
95,堡林 巢备 岿魂5悼
96,堡林 辑备 堡玫悼
97,堡林 合备 脚侩悼
98,堡林 合备 侩豪悼
99,堡林 辑备 堡玫悼
100,堡林 悼备 魂荐1悼
101,堡林 辑备 浅鞠悼
102,堡林 巢备 豪急2悼
103,堡林 合备 楷力悼
104,堡林 堡魂备 岿拌悼
105,堡林 合备 滴鞠悼
106,堡林 堡魂备 家锰悼
107,堡林 堡魂备 梅窜1悼
108,堡林 合备 款鞠1悼
109,堡林 合备 侩滴悼
110,堡林 堡魂备 脚蕊悼
111,堡林 堡魂备 厘傣悼
112,堡林 合备 坷摹1悼
113,堡林 合备 滴鞠悼
114,堡林 巢备 豪急2悼
115,堡林 合备 楷力悼
116,堡林 堡魂备 岿拌悼
117,堡林 合备 滴鞠悼
118,堡林 堡魂备 家锰悼
119,堡林 堡魂备 梅窜1悼
120,堡林 合备 款鞠1悼
121,堡林 合备 侩滴悼
122,堡林 堡魂备 脚蕊悼
123,堡林 堡魂备 厘傣悼
124,堡林 合备 坷摹1悼
125,堡林 合备 滴鞠悼
126,堡林 悼备 龋巢悼
127,堡林 堡魂备 快魂悼
128,堡林 巢备 豪急1悼
129,堡林 巢备 豪急1悼
130,堡林 悼备 魂荐悼
131,堡林 堡魂备 脚芒悼
132,堡林 合备 悼覆悼
133,堡林 辑备 陛龋1悼
134,堡林 悼备 龋巢悼
135,堡林 堡魂备 快魂悼
136,堡林 巢备 豪急1悼
137,堡林 巢备 豪急1悼
138,堡林 悼备 魂荐悼
139,堡林 堡魂备 脚芒悼
140,堡林 合备 悼覆悼
141,堡林 辑备 陛龋1悼
